[
  {
    "title": "Expert Physicians",
    "description": "Our doctors bring years of experience and a deep commitment to patient-centered care. From initial consultation to follow-ups.",
    "link": "/about",
    "delay": 400,
    "gridClass": "col-span-12 md:col-span-6 lg:col-span-4",
    "buttonText": "Explore Now"
  },
  {
    "title": "Advanced Equipment",
    "description": "From digital imaging to on-site labs, our technology helps detect issues early and ensures accurate treatment decisions.",
    "link": "/about",
    "delay": 700,
    "gridClass": "col-span-12 md:col-span-6 lg:col-span-4",
    "buttonText": "Explore Now"
  },
  {
    "title": "Family Treatment Plans",
    "description": "We create adaptable care plans that fit each family member's unique needs - whether it's women's health, or elderly support.",
    "link": "/about",
    "delay": 1000,
    "gridClass": "col-span-12 lg:col-span-4 xl:col-span-4",
    "buttonText": "Explore Now"
  }
]
